{
    "explained_variance": [
        0.26469170341495135,
        0.11756733847193104,
        0.10056905824393683
    ],
    "cumulative_variance": 0.4828281001308192,
    "silhouette_scores": {
        "kmeans": 0.3382769474345769,
        "gmm": 0.2988012876011836,
        "birch": 0.22422376183719872,
        "minibatch_kmeans": 0.28274279101168825
    },
    "best_model": "kmeans",
    "mappings": {
        "kmeans": {
            "1": 2,
            "2": 0,
            "3": 1,
            "0": 3
        },
        "gmm": {
            "1": 2,
            "2": 0,
            "3": 1,
            "0": 3
        },
        "birch": {
            "1": 2,
            "3": 0,
            "2": 1,
            "0": 3
        },
        "minibatch_kmeans": {
            "1": 2,
            "3": 0,
            "2": 1,
            "0": 3
        },
        "best": {
            "1": 2,
            "2": 0,
            "3": 1,
            "0": 3
        }
    }
}